{"cameraMode":{"drawMode":0,"name":"Shaded","section":"Shading Mode"},"sceneLighting":true,"audioPlay":false,"sceneViewState":{"m_AlwaysRefresh":false,"showFog":true,"showSkybox":true,"showFlares":true,"showImageEffects":true,"showParticleSystems":true,"showVisualEffectGraphs":true,"m_FxEnabled":true},"in2DMode":false,"pivot":{"x":1.0871577262878419,"y":-1.838673710823059,"z":19.008758544921876},"rotation":{"x":0.11911202222108841,"y":0.00843961164355278,"z":-0.001009422354400158,"w":0.9928532242774963},"size":16.620187759399415,"orthographic":false}