{"cameraMode":{"drawMode":0,"name":"Shaded","section":"Shading Mode"},"sceneLighting":false,"audioPlay":false,"sceneViewState":{"m_AlwaysRefresh":false,"showFog":true,"showSkybox":false,"showFlares":true,"showImageEffects":true,"showParticleSystems":true,"showVisualEffectGraphs":true,"m_FxEnabled":true},"in2DMode":false,"pivot":{"x":0.1124882772564888,"y":1.134052038192749,"z":-0.6100112199783325},"rotation":{"x":0.19583173096179963,"y":-0.052925143390893939,"z":0.010587332770228386,"w":0.9791473746299744},"size":0.8270542025566101,"orthographic":false}