{"cameraMode":{"drawMode":0,"name":"Shaded","section":"Shading Mode"},"sceneLighting":false,"audioPlay":false,"sceneViewState":{"m_AlwaysRefresh":false,"showFog":true,"showSkybox":false,"showFlares":true,"showImageEffects":true,"showParticleSystems":true,"showVisualEffectGraphs":true,"m_FxEnabled":true},"in2DMode":false,"pivot":{"x":-0.005104497075080872,"y":0.43210369348526,"z":-0.008158564567565918},"rotation":{"x":0.2002192735671997,"y":-0.05434426665306091,"z":0.011125733144581318,"w":0.9781751036643982},"size":1.0792251825332642,"orthographic":false}