{"cameraMode":{"drawMode":0,"name":"Shaded","section":"Shading Mode"},"sceneLighting":false,"audioPlay":false,"sceneViewState":{"m_AlwaysRefresh":false,"showFog":true,"showSkybox":false,"showFlares":true,"showImageEffects":true,"showParticleSystems":true,"showVisualEffectGraphs":true,"m_FxEnabled":true},"in2DMode":false,"pivot":{"x":-0.5577304363250732,"y":1.7202634811401368,"z":0.5355852842330933},"rotation":{"x":-0.0008385361870750785,"y":-0.9988929629325867,"z":0.04237622395157814,"w":-0.019683146849274637},"size":0.8044028878211975,"orthographic":false}