{"cameraMode":{"drawMode":0,"name":"Shaded","section":"Shading Mode"},"sceneLighting":false,"audioPlay":false,"sceneViewState":{"m_AlwaysRefresh":false,"showFog":true,"showSkybox":false,"showFlares":true,"showImageEffects":true,"showParticleSystems":true,"showVisualEffectGraphs":true,"m_FxEnabled":true},"in2DMode":false,"pivot":{"x":0.06962975859642029,"y":0.5758101940155029,"z":0.6249635219573975},"rotation":{"x":-0.0032913864124566318,"y":-0.9858226180076599,"z":0.16708894073963166,"w":-0.019246496260166169},"size":0.2978079319000244,"orthographic":false}