{"cameraMode":{"drawMode":0,"name":"Shaded","section":"Shading Mode"},"sceneLighting":false,"audioPlay":false,"sceneViewState":{"m_AlwaysRefresh":false,"showFog":true,"showSkybox":false,"showFlares":true,"showImageEffects":true,"showParticleSystems":true,"showVisualEffectGraphs":true,"m_FxEnabled":true},"in2DMode":false,"pivot":{"x":0.34465447068214419,"y":0.20894615352153779,"z":-3.46712327003479},"rotation":{"x":0.0015799764078110457,"y":0.9983918070793152,"z":-0.035854972898960116,"w":0.044386494904756549},"size":2.2932610511779787,"orthographic":false}